{
  "analysis_name": "Analiza Distribucije Podataka",
  "description": "Statistička analiza distribucije svih kolona u datasetu",
  "timestamp": "Sat Dec 20 19:46:10 CET 2025",
  "total_rows": 113865,
  "total_columns": 20,
  "column_distributions": {
    "track_genre": {
      "non_null_count": 113865,
      "top_10_values": {
        "breakbeat": 1000,
        "brazil": 1000,
        "deep-house": 1000,
        "alternative": 1000,
        "death-metal": 1000,
        "ambient": 1000,
        "cantopop": 1000,
        "dance": 1000,
        "anime": 1000,
        "blues": 1000
      },
      "data_type": "string",
      "count": 113865,
      "distinct_count": 114,
      "null_count": 0
    },
    "loudness": {
      "non_null_count": 113865,
      "25%": -10.002,
      "min": -49.531,
      "max": 4.532,
      "mean": -8.245885092457554,
      "75%": -5.001,
      "data_type": "float",
      "count": 113865,
      "50%": -6.999,
      "distinct_count": 19429,
      "stddev": 5.012148406450143,
      "null_count": 0
    },
    "liveness": {
      "non_null_count": 113865,
      "25%": 0.098,
      "min": 0.0,
      "max": 1.0,
      "mean": 0.21356243110426137,
      "75%": 0.273,
      "data_type": "float",
      "count": 113865,
      "50%": 0.132,
      "distinct_count": 1722,
      "stddev": 0.19038789133844383,
      "null_count": 0
    },
    "tempo": {
      "non_null_count": 113865,
      "25%": 99.28,
      "min": 0.0,
      "max": 243.372,
      "mean": 122.16683867189067,
      "75%": 140.071,
      "data_type": "float",
      "count": 113865,
      "50%": 122.018,
      "distinct_count": 45586,
      "stddev": 29.971859593930702,
      "null_count": 0
    },
    "valence": {
      "non_null_count": 113865,
      "25%": 0.26,
      "min": 0.0,
      "max": 0.995,
      "mean": 0.47425318087346896,
      "75%": 0.683,
      "data_type": "float",
      "count": 113865,
      "50%": 0.464,
      "distinct_count": 1790,
      "stddev": 0.2592225342482053,
      "null_count": 0
    },
    "instrumentalness": {
      "non_null_count": 113865,
      "25%": 0.0,
      "min": 0.0,
      "max": 1.0,
      "mean": 0.1558352386191315,
      "75%": 0.0487,
      "data_type": "float",
      "count": 113865,
      "50%": 4.12E-5,
      "distinct_count": 5346,
      "stddev": 0.30935674296891813,
      "null_count": 0
    },
    "danceability": {
      "non_null_count": 113865,
      "25%": 0.456,
      "min": 0.0,
      "max": 0.985,
      "mean": 0.5670467738690795,
      "75%": 0.695,
      "data_type": "float",
      "count": 113865,
      "50%": 0.58,
      "distinct_count": 1173,
      "stddev": 0.1734221104010494,
      "null_count": 0
    },
    "speechiness": {
      "non_null_count": 113865,
      "25%": 0.0359,
      "min": 0.0,
      "max": 0.965,
      "mean": 0.08467229182699808,
      "75%": 0.0845,
      "data_type": "float",
      "count": 113865,
      "50%": 0.0489,
      "distinct_count": 1489,
      "stddev": 0.10574061865212342,
      "null_count": 0
    },
    "duration_ms": {
      "non_null_count": 113865,
      "25%": 174124,
      "min": 8586,
      "max": 5237295,
      "mean": 228060.60309138015,
      "75%": 261480,
      "data_type": "integer",
      "count": 113865,
      "50%": 212933,
      "distinct_count": 50649,
      "stddev": 107242.16333693458,
      "null_count": 0
    },
    "explicit": {
      "non_null_count": 113865,
      "false_count": 104118,
      "false_percentage": 91.43986299565275,
      "data_type": "boolean",
      "count": 113865,
      "distinct_count": 2,
      "true_count": 9747,
      "null_count": 0,
      "true_percentage": 8.560137004347252
    },
    "mode": {
      "non_null_count": 113865,
      "25%": 0,
      "min": 0,
      "max": 1,
      "mean": 0.6374478549159092,
      "75%": 1,
      "data_type": "integer",
      "count": 113865,
      "50%": 1,
      "distinct_count": 2,
      "stddev": 0.4807391359815813,
      "null_count": 0
    },
    "artists": {
      "non_null_count": 113865,
      "top_10_values": {
        "Ella Fitzgerald": 222,
        "George Jones": 271,
        "Prateek Kuhad": 217,
        "OneRepublic": 181,
        "Håkan Hellström": 183,
        "Feid": 202,
        "The Beatles": 279,
        "Linkin Park": 224,
        "Chuck Berry": 190,
        "Stevie Wonder": 236
      },
      "data_type": "string",
      "count": 113865,
      "distinct_count": 31387,
      "null_count": 0
    },
    "track_id": {
      "non_null_count": 113865,
      "top_10_values": {
        "5ftfVzSLIi5ZxYdNbRtf41": 7,
        "4aqS25F3ywJ9TGnNkOqilC": 7,
        "2Ey6v4Sekh3Z0RUSISRosD": 8,
        "36NwMJRaCy7x77xYGJiG2M": 7,
        "5BI1XqMJK91dsEq0Bfe0Ov": 7,
        "2kkvB3RNRzwjFdGhaUA0tz": 8,
        "2aaClnypAakdAmLw74JXxB": 7,
        "6S3JlDAGk3uu3NtZbPnuhS": 9,
        "6bzWr3EpSEolVwlbLk58il": 7,
        "0e5LcankE0UyJUuCoq1uH2": 7
      },
      "data_type": "string",
      "count": 113865,
      "distinct_count": 89620,
      "null_count": 0
    },
    "album_name": {
      "non_null_count": 113865,
      "top_10_values": {
        "Fiesta portatil": 110,
        "Esto me suena a Farra": 105,
        "Frescura y Perreo": 106,
        "Feliz Cumpleaños con Perreo": 184,
        "Halloween Party 2022": 115,
        "The Complete Hank Williams": 111,
        "Perreo en Halloween": 103,
        "Metal": 143,
        "Alternative Christmas 2022": 195,
        "Halloween con perreito": 123
      },
      "data_type": "string",
      "count": 113865,
      "distinct_count": 46565,
      "null_count": 0
    },
    "popularity": {
      "non_null_count": 113865,
      "25%": 17,
      "min": 0,
      "max": 100,
      "mean": 33.25777016642515,
      "75%": 50,
      "data_type": "integer",
      "count": 113865,
      "50%": 35,
      "distinct_count": 101,
      "stddev": 22.305492193115622,
      "null_count": 0
    },
    "acousticness": {
      "non_null_count": 113865,
      "25%": 0.0168,
      "min": 0.0,
      "max": 0.996,
      "mean": 0.31421380556906087,
      "75%": 0.596,
      "data_type": "float",
      "count": 113865,
      "50%": 0.168,
      "distinct_count": 5061,
      "stddev": 0.33204425233231905,
      "null_count": 0
    },
    "key": {
      "non_null_count": 113865,
      "25%": 2,
      "min": 0,
      "max": 11,
      "mean": 5.310631010407061,
      "75%": 8,
      "data_type": "integer",
      "count": 113865,
      "50%": 5,
      "distinct_count": 12,
      "stddev": 3.5601655183288434,
      "null_count": 0
    },
    "track_name": {
      "non_null_count": 113865,
      "top_10_values": {
        "Run Rudolph Run": 151,
        "Frosty The Snowman": 81,
        "Little Saint Nick - 1991 Remix": 76,
        "Last Last": 75,
        "Sleigh Ride": 61,
        "CÓMO SE SIENTE - Remix": 64,
        "X ÚLTIMA VEZ": 58,
        "Halloween": 88,
        "RUMBATÓN": 60,
        "Christmas Time": 72
      },
      "data_type": "string",
      "count": 113865,
      "distinct_count": 73500,
      "null_count": 0
    },
    "energy": {
      "non_null_count": 113865,
      "25%": 0.473,
      "min": 0.0,
      "max": 1.0,
      "mean": 0.641878244142116,
      "75%": 0.854,
      "data_type": "float",
      "count": 113865,
      "50%": 0.685,
      "distinct_count": 2079,
      "stddev": 0.2511827100695362,
      "null_count": 0
    },
    "time_signature": {
      "non_null_count": 113865,
      "25%": 4,
      "min": 0,
      "max": 5,
      "mean": 3.904272603521714,
      "75%": 4,
      "data_type": "integer",
      "count": 113865,
      "50%": 4,
      "distinct_count": 5,
      "stddev": 0.431662561188859,
      "null_count": 0
    }
  }
}